{"entropy":8.527722512118338,"auc_mid":0.44072069023853827,"_runtime":15,"nmi":0.18546065246152837,"auc_sev":0.41429183629740735,"auc_mid2":0.3845152895250488,"n_clusters":43,"missing_kl_scores":19,"_wandb":{"runtime":15},"normalized_entropy":0.9903260892692977,"auc":0.4584675113612425,"_timestamp":1.7532786461371725e+09,"_step":4,"spearman_correlation":-0.10695897608449804,"avg_probs":0.880058637698449}